{"loss": [1.3350926637649536, 0.44815483689308167, 0.26084232330322266, 0.18753311038017273, 0.13989709317684174, 0.10867997258901596, 0.08602257072925568, 0.0727563127875328, 0.06677418202161789, 0.060520388185977936], "accuracy": [0.6057329773902893, 0.8580411076545715, 0.9152713418006897, 0.9390426278114319, 0.9537520408630371, 0.9648054838180542, 0.9714346528053284, 0.9773525595664978, 0.9784764051437378, 0.9808948040008545], "val_loss": [0.4880623519420624, 0.26922377943992615, 0.19363383948802948, 0.1795395314693451, 0.16028723120689392, 0.17050416767597198, 0.11991896480321884, 0.125684455037117, 0.12483406811952591, 0.13287325203418732], "val_accuracy": [0.8447530269622803, 0.9138970971107483, 0.9356931447982788, 0.9410994648933411, 0.9493512511253357, 0.9475301504135132, 0.9626109600067139, 0.9625540375709534, 0.9627817273139954, 0.9609606266021729]}